{"count":1,"self":99.6566464,"total":1460.0566976,"children":{"InitializeActuators":{"count":16,"self":0.0019863,"total":0.0019863,"children":null},"InitializeSensors":{"count":16,"self":0.00099509999999999985,"total":0.00099509999999999985,"children":null},"AgentSendState":{"count":315167,"self":10.7940192,"total":49.5437605,"children":{"CollectObservations":{"count":1008544,"self":12.8913824,"total":12.8913824,"children":null},"WriteActionMask":{"count":1008544,"self":2.4356312,"total":2.4356310999999997,"children":null},"RequestDecision":{"count":1008544,"self":6.9132359999999995,"total":23.4227281,"children":{"AgentInfo.ToProto":{"count":1008544,"self":6.3814328,"total":16.509491999999998,"children":{"GenerateSensorData":{"count":1008544,"self":10.1280592,"total":10.1280593,"children":null}}}}}}},"DecideAction":{"count":315167,"self":1304.2296832,"total":1304.2296386,"children":null},"AgentAct":{"count":315167,"self":6.5154204,"total":6.5203695999999995,"children":{"AgentInfo.ToProto":{"count":180,"self":0.0009615,"total":0.0049492,"children":{"GenerateSensorData":{"count":180,"self":0.0039876999999999994,"total":0.0039876999999999994,"children":null}}}}},"AgentInfo.ToProto":{"count":4130,"self":0.0377724,"total":0.10230299999999999,"children":{"GenerateSensorData":{"count":4130,"self":0.0645306,"total":0.0645306,"children":null}}}},"gauges":{"Highscore.CumulativeReward":{"count":4310,"max":272,"min":-5,"runningAverage":-1.14199555,"value":2,"weightedAverage":-1.97345912}},"metadata":{"timer_format_version":"0.1.0","start_time_seconds":"1617048619","unity_version":"2019.4.22f1","command_line_arguments":"C:\\Program Files\\Unity\\Hub\\Editor\\2019.4.22f1\\Editor\\Unity.exe -projectpath C:\/Users\/usaru\/OneDrive\/Desktop\/Projects\/Snake -useHub -hubIPC -cloudEnvironment production -hubSessionId f599da70-90c5-11eb-8e85-75833def7ff3 -accessToken OnWZteOYrdktnK_6jm2ic5eIAAbTeCHyuW9J9D7qOhY001f","communication_protocol_version":"1.5.0","com.unity.ml-agents_version":"1.9.0-preview","scene_name":"Play","end_time_seconds":"1617050079"}}